Métric,Valeur
jaccard,[0.6300360432519023]
braycurtis,[0.11237175356411054]
dice,[0.45989242282507015]
cosinus,[0.015891596382111683]
